# FP64; exactly one untimed warmup solve; setup includes representation/storage preparation; solve includes a fresh factorization and primal solve on every repetition.
# All backends receive identical data. Validation and result conversion are untimed.
# CLQR, generalized Riccati, and both Laine implementations also recover duals inside timing. Primal-only backends report no solver-dual KKT measurement.
# Setup+solve includes representation construction and fresh workspace allocation; destruction is excluded.
# Missing dual/kernel measurements are nan, not inferred from other solvers.
# planted_dual_stationarity_inf audits each returned primal with the fixture's known optimal dual, not solver output.
# primal_error and dual_error_inf are absolute infinity-norm errors against the known planted optimum, in original coordinates.
# Samples are individually timed; sample-list columns retain chronological times in ms separated by semicolons. Timing quantiles are unavailable for a single sample.
# min_seconds=1; fixed_repeats=0 (0 means duration-based); each timing phase uses its own budget.
backend,family,N,n,m,mixed_rows,state_rows,seed,status,repeats,setup_ms,median_ms,p10_ms,p90_ms,primal_error,objective,relative_objective_error,kernel_ms,feasibility_inf,stationarity_inf,kkt_inf,setup_solve_ms,planted_dual_stationarity_inf,dual_error_inf,setup_solve_repeats,solve_samples_ms,setup_solve_samples_ms,kernel_samples_ms
clqr_cuda,horizon,1024,16,8,2,4,20260907,ok,246,156.380527,4.062696,4.01338,4.186866,4.71830907678e-13,-931.506419103,3.74243292996e-17,3.22252794914,6.25610674376e-13,1.36864105119e-11,1.36864105119e-11,7.677469,4.84876028217e-13,1.96410041009e-11,129,4.196275;4.167161;4.058258;4.018095;4.052815;4.010837;4.057556;4.007552;4.058567;4.018599;4.049685;4.024156;4.082181;4.020218;4.066683;4.021284;4.068063;4.029985;4.070229;4.008851;4.057645;4.004854;4.065234;4.005136;4.068209;4.028977;4.069006;4.023731;4.073504;4.016397;4.070169;4.015426;4.070788;4.250479;4.186866;4.149123;4.061057;4.022458;4.058716;4.027509;4.059913;4.014409;4.072802;4.018951;4.076248;4.028337;4.072725;4.012124;4.069402;4.061664;4.220452;4.010533;4.092891;4.022763;4.066059;4.021351;4.07469;4.034511;4.077862;4.147628;4.066202;4.010346;4.070564;4.015476;4.071941;4.149488;4.489757;4.435752;4.42958;4.256515;4.213287;4.01338;4.071458;4.025479;4.063921;4.014027;4.072736;4.023541;4.175433;4.03338;4.092921;4.010394;4.070334;3.998299;4.065592;4.026198;4.080206;4.024128;4.068308;4.074738;4.248178;4.197875;4.068406;4.017376;4.068557;4.022857;4.070369;4.026735;4.076874;4.020935;4.07027;4.022245;4.073679;4.028841;4.068738;4.025414;4.076719;4.028314;4.074946;4.022369;4.073249;4.025587;4.09432;4.030127;4.072966;4.027491;4.071875;4.023868;4.067363;4.020546;4.062763;4.007172;4.072177;4.032408;4.07359;4.033537;4.077106;4.016006;4.076246;4.028097;4.28078;4.224101;4.068014;4.033802;4.087987;4.032028;4.077607;4.023264;4.094555;4.033436;4.074093;4.024998;4.070512;4.154784;4.037855;4.014591;4.058802;4.016156;4.058642;3.997065;4.068943;4.012743;4.057779;4.025645;4.064072;4.029658;4.047416;4.020937;4.073714;4.032883;4.063486;4.035662;4.069466;4.015887;4.130405;4.222723;4.226094;4.141068;4.06445;4.085498;4.345412;4.257127;4.236844;4.025315;4.076559;4.135463;4.074872;4.008445;4.043052;4.024333;4.068038;4.012903;4.057857;4.029529;4.059942;4.026929;4.089042;4.011963;4.042482;4.02534;4.194853;4.011445;4.072901;4.033241;4.069687;4.026835;4.062696;4.016625;4.065159;4.027369;4.064099;4.014501;4.055839;4.008954;4.062774;4.022833;4.061826;4.024822;4.065853;4.004788;4.07298;4.012171;4.080034;4.009558;4.07693;4.019383;4.068248;4.048403;4.335283;4.258102;4.226387;4.12591;4.063319;4.024865;4.0778;4.013308;4.052555;4.035054;4.152119;4.087371;4.25233;4.20707;4.254258;4.175686;4.108265;4.133343;4.075705;4.020002;4.06435;4.017017;4.052184;4.020874;4.064177;4.012807;4.070147;4.009047,8.362176;8.217969;7.805521;7.734845;7.68456;7.68956;7.633126;7.668467;7.686615;7.660822;7.66122;7.688678;7.671561;7.678126;7.676373;8.063905;8.248274;8.082779;7.999038;7.963908;7.746336;7.713614;7.652693;7.658842;7.667832;7.641274;7.679773;7.710785;7.645657;7.983347;7.960934;7.856909;9.853452;8.685929;7.817464;7.72521;7.696673;7.723061;7.742544;7.640796;7.694961;7.660185;8.040277;8.246029;7.929595;7.703148;7.681076;7.671028;7.755359;7.757762;7.701654;7.684879;7.654032;7.662608;7.663993;7.663441;7.670917;7.681647;7.657412;7.625291;7.694394;7.676031;8.119427;7.744558;7.742854;7.750992;7.702978;7.632554;7.632746;7.628873;7.835795;7.628109;7.700926;7.680299;7.717348;7.675596;7.717021;7.699898;7.682637;7.66047;7.672154;7.664411;7.65472;7.634302;7.603268;7.615013;7.682935;7.676838;7.680917;7.677469;7.6478;7.646069;7.628241;7.63376;7.657566;7.622136;7.672371;7.623827;7.663412;7.705554;7.641091;7.656479;7.707541;7.637451;7.633007;7.634473;7.667382;7.630147;7.634103;7.634485;7.699131;7.696608;7.653272;7.664605;7.665284;7.624697;7.636303;7.646589;7.616206;7.635714;7.634168;7.65806;7.67365;7.78328;8.810292;8.843404;8.787079;8.602282;8.422598,3.22272001766;3.22316806577;3.22284797393;3.2237440329;3.22083202563;3.22124806605;3.22073593549;3.22470403276;3.22355197184;3.22064004652;3.22438403033;3.22739209048;3.22278403305;3.22457601689;3.22134404443;3.22374407016;3.22476804815;3.21952003054;3.22243206017;3.22121603601;3.22470401227;3.22175999545;3.22374393791;3.22419202141;3.22332803719;3.2248000633;3.22460803203;3.21843202226;3.22080002539;3.22067194805;3.22160004638;3.2250560578;3.22323205881;3.22697599791;3.22249606811;3.22105605714;3.22294399701;3.22287998162;3.22031998448;3.226528069;3.22233593278;3.22345602512;3.22336001508;3.22444797866;3.22252794914;3.22601607256;3.2272960674;3.2184640076;3.22527997755;3.21878401749;3.21891200356;3.22076794319;3.22393601201;3.22467203252;3.22032001428;3.22198407911;3.22111997567;3.22195203416;3.21760000102;3.22355201654;3.22515205853;3.22128006816;3.22473601066;3.21977601759;3.22099207155;3.22831998765;3.22540802322;3.2225280907;3.22524799965;3.22105602734;3.21967994235;3.21999998949;3.22000004165;3.22217599861;3.21968003921;3.22096004896;3.22207994573;3.22182397358;3.21910404228;3.22457608394;3.22076798789;3.22188803367;3.22297599167;3.21718405001;3.22278396599;3.22249595635;3.21782399528;3.22294404916;3.2227840405;3.22249601595;3.22486399673;3.22067203186;3.22316799127;3.22672004066;3.22166400217;3.22467201762;3.22595202737;3.22313605063;3.22374398075;3.21996792965;3.22195200436;3.22288001888;3.2237439435;3.2242560219;3.22361597978;3.22396802716;3.22239996307;3.21993602626;3.22278404795;3.22003205679;3.22051203065;3.22227199189;3.22025602125;3.22371198051;3.22643198632;3.21881602518;3.22006396018;3.22550402395;3.21951997839;3.22099205665;3.22182400338;3.2207359951;3.22329602949;3.22169603221;3.22598404251;3.22256002389;3.22483192943;3.22499202751;3.2209919747;3.21942400001;3.22547207773;3.22409602813;3.2202560585;3.22156793438;3.22060797364;3.21721597575;3.2212480288;3.21891205572;3.22262403183;3.22281598859;3.21977595799;3.22662401013;3.22528005205;3.22431999259;3.22499199025;3.224256007;3.22332801484;3.22000008635;3.22191998176;3.21811197512;3.22163203172;3.22060797177;3.22051206045;3.2214720156;3.22182401828;3.22105604969;3.21830405109;3.22432000004;3.22230404429;3.22457598709;3.22284799628;3.22089605592;3.22694399767;3.22127995454;3.21916793846;3.22262400202;3.22265598737;3.22076800279;3.22015999816;3.22585598938;3.22358406149;3.2192319613;3.21935998462;3.22505600564;3.21964800172;3.22192002647;3.22457601689;3.22505606525;3.22310393862;3.22284803353;3.21971203201;3.22508802824;3.21663999371;3.22649600171;3.22393598966;3.2197440397;3.22163205408;3.22598407231;3.21836794727;3.22406403534;3.21801606379;3.22009607218;3.2242239695;3.22416000627;3.22444802336;3.22396805696;3.22320002131;3.22505604289;3.22153605334;3.22243201546;3.22384003364;3.22022407316;3.22006401978;3.22364800982;3.22019202821;3.22422396205;3.22409596853;3.22652798705;3.22531201504;3.21920002066;3.22812797688;3.21923207305;3.22460805438;3.22294408642;3.22096004896;3.22156799398;3.22080002539;3.22259199433;3.22422398441;3.22233603708;3.22128002159;3.22697594576;3.22185602598;3.22191998176;3.2250240203;3.22368005477;3.21865603887;3.22403197549;3.22380801849;3.21961603872;3.22204801254;3.22662402503;3.22134399228;3.22326392494;3.22441602312;3.22473601066;3.22163200192;3.22000001185;3.2245119717;3.22115203552;3.22051193379;3.22220795415;3.22406396829;3.22153602354;3.21887998097;3.2250240352
